{"initial_reset_timestamp": 1641974364.876694, "timestamps": [1641974382.0400882], "episode_lengths": [1000], "episode_rewards": [4381.314468651425], "episode_types": ["t"]}