{"initial_reset_timestamp": 3.608394949, "timestamps": [15.64126467, 25.89061715, 36.013931181, 44.241718409, 48.263218856], "episode_lengths": [200, 200, 200, 200, 200], "episode_rewards": [-389.6272299633097, -126.70311160092199, -126.2300975587198, -130.86860759560605, -247.10796454929488], "episode_types": ["t", "t", "t", "t", "t"]}