{"initial_reset_timestamp": 1641974434.489193, "timestamps": [1641974447.5856981], "episode_lengths": [200], "episode_rewards": [200.0], "episode_types": ["t"]}