{"initial_reset_timestamp": 1641885072.851965, "timestamps": [1641885090.344388], "episode_lengths": [200], "episode_rewards": [200.0], "episode_types": ["t", "t"]}